{
  "project_info": {
    "project_number": "701237581679",
    "project_id": "ata-mr-staff-app",
    "storage_bucket": "ata-mr-staff-app.firebasestorage.app"
  },
  "client": [
    {
      "client_info": {
        "mobilesdk_app_id": "1:701237581679:android:e6cb93d5eae4882905fa9a",
        "android_client_info": {
          "package_name": "com.example.info3245alainproject"
        }
      },
      "oauth_client": [],
      "api_key": [
        {
          "current_key": "AIzaSyAO0iqux3H2_QSkbkK6WZGO-8tsHcT7zjY"
        }
      ],
      "services": {
        "appinvite_service": {
          "other_platform_oauth_client": []
        }
      }
    }
  ],
  "configuration_version": "1"
}